<annotation>
	<folder>resized images</folder>
	<filename>C_138.jpg</filename>
	<path>C:\Users\leo\Desktop\loe\Datathon Entel\datathon-entel-2021-reto1\image_train\resized images\C_138.jpg</path>
	<source>
		<database>Unknown</database>
	</source>
	<size>
		<width>480</width>
		<height>680</height>
		<depth>3</depth>
	</size>
	<segmented>0</segmented>
	<object>
		<name>date</name>
		<pose>Unspecified</pose>
		<truncated>0</truncated>
		<difficult>0</difficult>
		<bndbox>
			<xmin>270</xmin>
			<ymin>80</ymin>
			<xmax>333</xmax>
			<ymax>92</ymax>
		</bndbox>
	</object>
	<object>
		<name>sign_1</name>
		<pose>Unspecified</pose>
		<truncated>0</truncated>
		<difficult>0</difficult>
		<bndbox>
			<xmin>49</xmin>
			<ymin>604</ymin>
			<xmax>185</xmax>
			<ymax>646</ymax>
		</bndbox>
	</object>
	<object>
		<name>sign_2</name>
		<pose>Unspecified</pose>
		<truncated>0</truncated>
		<difficult>0</difficult>
		<bndbox>
			<xmin>237</xmin>
			<ymin>600</ymin>
			<xmax>412</xmax>
			<ymax>640</ymax>
		</bndbox>
	</object>
</annotation>
