<annotation>
	<folder>resized images</folder>
	<filename>C_272.jpg</filename>
	<path>C:\Users\leo\Desktop\loe\Datathon Entel\datathon-entel-2021-reto1\image_train\resized images\C_272.jpg</path>
	<source>
		<database>Unknown</database>
	</source>
	<size>
		<width>480</width>
		<height>680</height>
		<depth>3</depth>
	</size>
	<segmented>0</segmented>
	<object>
		<name>date</name>
		<pose>Unspecified</pose>
		<truncated>0</truncated>
		<difficult>0</difficult>
		<bndbox>
			<xmin>255</xmin>
			<ymin>84</ymin>
			<xmax>301</xmax>
			<ymax>95</ymax>
		</bndbox>
	</object>
	<object>
		<name>sign_1</name>
		<pose>Unspecified</pose>
		<truncated>0</truncated>
		<difficult>0</difficult>
		<bndbox>
			<xmin>58</xmin>
			<ymin>607</ymin>
			<xmax>207</xmax>
			<ymax>661</ymax>
		</bndbox>
	</object>
	<object>
		<name>sign_2</name>
		<pose>Unspecified</pose>
		<truncated>0</truncated>
		<difficult>0</difficult>
		<bndbox>
			<xmin>241</xmin>
			<ymin>593</ymin>
			<xmax>440</xmax>
			<ymax>651</ymax>
		</bndbox>
	</object>
</annotation>
