<annotation>
	<folder>resized images</folder>
	<filename>C_335.jpg</filename>
	<path>C:\Users\leo\Desktop\loe\Datathon Entel\datathon-entel-2021-reto1\image_train\resized images\C_335.jpg</path>
	<source>
		<database>Unknown</database>
	</source>
	<size>
		<width>480</width>
		<height>680</height>
		<depth>3</depth>
	</size>
	<segmented>0</segmented>
	<object>
		<name>date</name>
		<pose>Unspecified</pose>
		<truncated>0</truncated>
		<difficult>0</difficult>
		<bndbox>
			<xmin>282</xmin>
			<ymin>95</ymin>
			<xmax>330</xmax>
			<ymax>106</ymax>
		</bndbox>
	</object>
	<object>
		<name>sign_1</name>
		<pose>Unspecified</pose>
		<truncated>0</truncated>
		<difficult>0</difficult>
		<bndbox>
			<xmin>61</xmin>
			<ymin>600</ymin>
			<xmax>223</xmax>
			<ymax>641</ymax>
		</bndbox>
	</object>
	<object>
		<name>sign_2</name>
		<pose>Unspecified</pose>
		<truncated>0</truncated>
		<difficult>0</difficult>
		<bndbox>
			<xmin>241</xmin>
			<ymin>601</ymin>
			<xmax>423</xmax>
			<ymax>644</ymax>
		</bndbox>
	</object>
</annotation>
