<annotation>
	<folder>resized images</folder>
	<filename>C_75.jpg</filename>
	<path>C:\Users\leo\Desktop\loe\Datathon Entel\datathon-entel-2021-reto1\image_train\resized images\C_75.jpg</path>
	<source>
		<database>Unknown</database>
	</source>
	<size>
		<width>480</width>
		<height>680</height>
		<depth>3</depth>
	</size>
	<segmented>0</segmented>
	<object>
		<name>date</name>
		<pose>Unspecified</pose>
		<truncated>0</truncated>
		<difficult>0</difficult>
		<bndbox>
			<xmin>273</xmin>
			<ymin>62</ymin>
			<xmax>322</xmax>
			<ymax>74</ymax>
		</bndbox>
	</object>
	<object>
		<name>sign_1</name>
		<pose>Unspecified</pose>
		<truncated>0</truncated>
		<difficult>0</difficult>
		<bndbox>
			<xmin>34</xmin>
			<ymin>611</ymin>
			<xmax>212</xmax>
			<ymax>656</ymax>
		</bndbox>
	</object>
	<object>
		<name>sign_2</name>
		<pose>Unspecified</pose>
		<truncated>0</truncated>
		<difficult>0</difficult>
		<bndbox>
			<xmin>230</xmin>
			<ymin>610</ymin>
			<xmax>449</xmax>
			<ymax>659</ymax>
		</bndbox>
	</object>
</annotation>
