<annotation>
	<folder>resized images</folder>
	<filename>C_81.jpg</filename>
	<path>C:\Users\leo\Desktop\loe\Datathon Entel\datathon-entel-2021-reto1\image_train\resized images\C_81.jpg</path>
	<source>
		<database>Unknown</database>
	</source>
	<size>
		<width>480</width>
		<height>680</height>
		<depth>3</depth>
	</size>
	<segmented>0</segmented>
	<object>
		<name>date</name>
		<pose>Unspecified</pose>
		<truncated>0</truncated>
		<difficult>0</difficult>
		<bndbox>
			<xmin>281</xmin>
			<ymin>71</ymin>
			<xmax>328</xmax>
			<ymax>85</ymax>
		</bndbox>
	</object>
	<object>
		<name>sign_1</name>
		<pose>Unspecified</pose>
		<truncated>0</truncated>
		<difficult>0</difficult>
		<bndbox>
			<xmin>67</xmin>
			<ymin>588</ymin>
			<xmax>206</xmax>
			<ymax>629</ymax>
		</bndbox>
	</object>
	<object>
		<name>sign_2</name>
		<pose>Unspecified</pose>
		<truncated>0</truncated>
		<difficult>0</difficult>
		<bndbox>
			<xmin>241</xmin>
			<ymin>588</ymin>
			<xmax>415</xmax>
			<ymax>630</ymax>
		</bndbox>
	</object>
</annotation>
